[
    {
        "id": 1,
        "nome": "Calabresa",
        "ingredientes": [
            "mussarela",
            "calabresa",
            "cebola"
        ],
        "preco": 38.5,
        "img": "/img/calabresa.jpg",
        "destaque": true,
        "score": 27
    },
    {
        "id": 2,
        "nome": "Pepperoni",
        "ingredientes": [
            "mussarela",
            "pepperoni",
            "cebola"
        ],
        "preco": 48.55,
        "img": "/img/pepperoni.jpg",
        "destaque": false,
        "score": 24
    },
    {
        "id": 3,
        "nome": "Fracatu",
        "ingredientes": [
            "mussarela",
            "frango",
            "catupiry",
            "cebola"
        ],
        "preco": 38.5,
        "img": "/img/fracatu.jpg",
        "destaque": true,
        "score": 12
    },
    {
        "id": 4,
        "nome": "Marguerita",
        "ingredientes": [
            "mussarela",
            "tomate",
            "manjericão"
        ],
        "preco": 33.5,
        "img": "/img/marguerita.jpg",
        "destaque": false,
        "score": 3
    },
    {
        "id": 5,
        "nome": "Quatro Queijos",
        "ingredientes": [
            "mussarela",
            "gorgonzola",
            "provolone",
            "parmesão"
        ],
        "preco": 38.5,
        "img": "/img/quatroqueijos.jpg",
        "destaque": true,
        "score": 3
    },
    {
        "id": 6,
        "nome": "Portuguesa",
        "ingredientes": [
            "cebola",
            "pimentão",
            "ovo",
            "mussarela",
            "presunto"
        ],
        "preco": 40.5,
        "img": "/img/quatroqueijos.jpg",
        "destaque": true,
        "score": 3
    },
    {
        "id": 7,
        "nome": "Quatro Queijos",
        "ingredientes": [
            "mussarela",
            "gorgonzola",
            "provolone",
            "parmesão"
        ],
        "preco": 38.5,
        "img": "/img/quatroqueijos.jpg",
        "destaque": true,
        "score": 3
    },
    {
        "id": 8,
        "nome": "Caipira",
        "ingredientes": [
            "mussarela",
            "milho verde",
            "frango"
        ],
        "preco": 38.5,
        "img": "/img/quatroqueijos.jpg",
        "destaque": true,
        "score": 2
    },
    {
        "id": 9,
        "nome": "Napolitana",
        "ingredientes": [
            "mussarela",
            "gorgonzola",
            "provolone",
            "parmesão"
        ],
        "preco": 55.5,
        "img": "/img/quatroqueijos.jpg",
        "destaque": true,
        "score": 1
    },
    {
        "id": 10,
        "nome": "Baiana",
        "ingredientes": [
            "mussarela",
            "gorgonzola",
            "provolone",
            "parmesão"
        ],
        "preco": 38.5,
        "img": "/img/quatroqueijos.jpg",
        "destaque": true,
        "score": 1
    },
    {
        "id": 11,
        "nome": "Meat & Bacon",
        "ingredientes": [
            "mussarela",
            "calabresa",
            "bacon"
        ],
        "preco": 38.5,
        "img": "/img/quatroqueijos.jpg",
        "destaque": true
    },
    {
        "id": 12,
        "nome": "Rúcula",
        "ingredientes": [
            "mussarela",
            "rúcula",
            "tomate seco"
        ],
        "preco": 38.5,
        "img": "/img/quatroqueijos.jpg",
        "destaque": true,
        "score": 1
    },
    {
        "id": 13,
        "nome": "Dezoito Queijos",
        "ingredientes": [
            "mussarela",
            "gorgonzola",
            "provolone",
            "parmesão"
        ],
        "preco": 38.5,
        "img": "/img/quatroqueijos.jpg",
        "destaque": true,
        "score": 3
    }
]